<OpenViBE-Scenario>
	<Creator>OpenViBE</Creator>
	<CreatorVersion>1.3.0</CreatorVersion>
	<Boxes>
		<Box>
			<Identifier>(0x00001f13, 0x00005dcb)</Identifier>
			<Name>ica2</Name>
			<AlgorithmClassIdentifier>(0x5dc4f669, 0xd3fd4d64)</AlgorithmClassIdentifier>
			<Inputs>
				<Input>
					<TypeIdentifier>(0x5ba36127, 0x195feae1)</TypeIdentifier>
					<Name>New input</Name>
				</Input>
			</Inputs>
			<Outputs>
				<Output>
					<TypeIdentifier>(0x5ba36127, 0x195feae1)</TypeIdentifier>
					<Name>New output</Name>
				</Output>
			</Outputs>
			<Settings>
				<Setting>
					<TypeIdentifier>(0x007deef9, 0x2f3e95c6)</TypeIdentifier>
					<Name>Clock frequency (Hz)</Name>
					<DefaultValue>64</DefaultValue>
					<Value>64</Value>
					<Modifiability>false</Modifiability>
				</Setting>
				<Setting>
					<TypeIdentifier>(0xb0d0db45, 0x49cbc34a)</TypeIdentifier>
					<Name>Script</Name>
					<DefaultValue></DefaultValue>
					<Value>C:/Users/joy/Downloads/ICA.txt</Value>
					<Modifiability>false</Modifiability>
				</Setting>
				<Setting>
					<TypeIdentifier>(0x007deef9, 0x2f3e95c6)</TypeIdentifier>
					<Name>Component_num</Name>
					<DefaultValue>0</DefaultValue>
					<Value>0</Value>
					<Modifiability>false</Modifiability>
				</Setting>
				<Setting>
					<TypeIdentifier>(0x79a9edeb, 0x245d83fc)</TypeIdentifier>
					<Name>Store_Path</Name>
					<DefaultValue>C:\Users\joy\Desktop\openvibe\test_matrix</DefaultValue>
					<Value>C:/Users/joy/Desktop/openvibe/test_matrix5</Value>
					<Modifiability>false</Modifiability>
				</Setting>
			</Settings>
			<Attributes>
				<Attribute>
					<Identifier>(0x17ee7c08, 0x94c14893)</Identifier>
					<Value></Value>
				</Attribute>
				<Attribute>
					<Identifier>(0x1fa7a38f, 0x54edbe0b)</Identifier>
					<Value>160.000000</Value>
				</Attribute>
				<Attribute>
					<Identifier>(0x1fa963f5, 0x1a638cd4)</Identifier>
					<Value>45</Value>
				</Attribute>
				<Attribute>
					<Identifier>(0x207c9054, 0x3c841b63)</Identifier>
					<Value>528.000000</Value>
				</Attribute>
				<Attribute>
					<Identifier>(0x30a4e5c9, 0x83502953)</Identifier>
					<Value></Value>
				</Attribute>
				<Attribute>
					<Identifier>(0x4e7b798a, 0x183beafb)</Identifier>
					<Value>(0x2a651510, 0xb4fad0d4)</Value>
				</Attribute>
				<Attribute>
					<Identifier>(0x527ad68d, 0x16d746a0)</Identifier>
					<Value></Value>
				</Attribute>
				<Attribute>
					<Identifier>(0x61d11811, 0x71e65362)</Identifier>
					<Value></Value>
				</Attribute>
				<Attribute>
					<Identifier>(0xad100179, 0xa3c984ab)</Identifier>
					<Value>76</Value>
				</Attribute>
				<Attribute>
					<Identifier>(0xc46b3d00, 0x3e0454e1)</Identifier>
					<Value>(0x00000000, 0x047c957d)</Value>
				</Attribute>
				<Attribute>
					<Identifier>(0xc67a01dc, 0x28ce06c1)</Identifier>
					<Value></Value>
				</Attribute>
				<Attribute>
					<Identifier>(0xc73e83ec, 0xf855c5bc)</Identifier>
					<Value>false</Value>
				</Attribute>
				<Attribute>
					<Identifier>(0xce18836a, 0x9c0eb403)</Identifier>
					<Value>2</Value>
				</Attribute>
				<Attribute>
					<Identifier>(0xf191c1c8, 0xa0123976)</Identifier>
					<Value></Value>
				</Attribute>
				<Attribute>
					<Identifier>(0xfba64161, 0x65304e21)</Identifier>
					<Value></Value>
				</Attribute>
			</Attributes>
		</Box>
	</Boxes>
	<Links></Links>
	<MessageLinks></MessageLinks>
	<Comments></Comments>
	<VisualisationTree>
		<VisualisationWidget>
			<Identifier>(0x00005b4a, 0x000047f9)</Identifier>
			<Name>Default window</Name>
			<Type>1</Type>
			<ParentIdentifier>(0xffffffff, 0xffffffff)</ParentIdentifier>
			<BoxIdentifier>(0xffffffff, 0xffffffff)</BoxIdentifier>
			<NumChildren>1</NumChildren>
			<Attributes>
				<Attribute>
					<Identifier>(0x4c90d4ad, 0x7a2554ec)</Identifier>
					<Value>1</Value>
				</Attribute>
				<Attribute>
					<Identifier>(0x7b814cca, 0x271df6dd)</Identifier>
					<Value>1</Value>
				</Attribute>
			</Attributes>
		</VisualisationWidget>
		<VisualisationWidget>
			<Identifier>(0x00003314, 0x000022bd)</Identifier>
			<Name>Default tab</Name>
			<Type>2</Type>
			<ParentIdentifier>(0x00005b4a, 0x000047f9)</ParentIdentifier>
			<Index>0</Index>
			<BoxIdentifier>(0xffffffff, 0xffffffff)</BoxIdentifier>
			<NumChildren>1</NumChildren>
		</VisualisationWidget>
		<VisualisationWidget>
			<Identifier>(0x0000337e, 0x000049fd)</Identifier>
			<Name>Empty</Name>
			<Type>0</Type>
			<ParentIdentifier>(0x00003314, 0x000022bd)</ParentIdentifier>
			<Index>0</Index>
			<BoxIdentifier>(0xffffffff, 0xffffffff)</BoxIdentifier>
			<NumChildren>0</NumChildren>
		</VisualisationWidget>
	</VisualisationTree>
</OpenViBE-Scenario>